id,tamano_um,crecimiento_hora,clase
1,1.83,15.13,0
2,5.17,30.75,1
3,4.95,25.02,0
4,5.39,30.03,1
5,1.66,18.45,0
6,4.9,30.82,1
7,2.61,21.52,0
8,9.41,40.22,1
9,8.81,36.61,1
10,2.43,8.45,0
11,5.46,28.51,1
12,8.49,33.16,1
13,4.18,16.57,0
14,8.07,38.68,1
15,7.26,38.62,1
16,5.18,23.74,0
17,1.85,20.73,0
18,4.3,20.91,0
19,8.13,42.92,1
20,7.87,37.63,1
21,4.25,22.93,0
22,4.29,21.9,0
23,8.22,34.77,1
24,8.86,39.05,1
25,6.34,32.71,1
26,4.53,25.35,0
27,4.43,25.21,0
28,5.52,31.86,1
29,5.5,28.89,1
30,7.43,37.17,1
31,2.29,22.78,0
32,8.68,34.16,1
33,5.93,41.08,1
34,1.94,11.35,0
35,6.54,43.78,1
36,7.58,42.49,1
37,2.51,20.92,0
38,2.05,21.48,0
39,9.0,39.68,1
40,8.99,37.87,1
41,2.02,16.22,0
42,8.29,40.8,1
43,7.97,35.93,1
44,1.5,9.91,0
45,3.22,8.12,0
46,5.01,28.12,1
47,3.75,10.86,0
48,3.26,22.08,0
49,1.8,9.8,0
50,5.86,34.85,1
51,1.43,14.31,0
52,9.27,37.69,1
53,4.74,25.4,0
54,7.51,36.71,1
55,1.74,15.58,0
56,8.32,32.77,1
57,3.08,22.81,0
58,1.78,8.48,0
59,3.99,21.19,0
60,2.07,20.72,0
61,1.37,17.41,0
62,5.64,42.26,1
63,4.71,25.39,0
64,4.03,11.69,0
65,4.03,17.19,0
66,6.13,37.35,1
67,1.53,21.95,0
68,5.22,29.03,1
69,7.83,34.27,1
70,5.09,25.14,0
71,3.99,20.47,0
72,3.98,11.95,0
73,1.68,8.37,0
74,1.34,12.17,0
75,8.91,37.37,1
76,8.81,43.73,1
77,4.65,22.41,0
78,3.16,11.96,0
79,6.18,43.61,1
80,4.91,31.3,1
81,3.89,9.09,0
82,5.55,28.47,1
83,6.03,38.05,1
84,7.93,31.3,1
85,5.65,38.51,1
86,2.84,10.08,0
87,6.33,36.06,1
88,2.66,21.58,0
89,3.65,15.96,0
90,8.75,41.45,1
91,3.73,20.96,0
92,1.46,9.73,0
93,2.16,10.33,0
94,3.29,11.37,0
95,2.82,22.6,0
96,4.51,22.13,0
97,3.07,10.29,0
98,2.45,8.15,0
99,1.36,16.3,0
100,3.28,12.5,0
101,4.45,23.9,0
102,4.03,9.3,0
103,9.29,31.61,1
104,2.55,14.35,0
105,5.87,39.84,1
106,5.1,25.83,0
107,6.79,37.9,1
108,2.26,11.14,0
109,3.74,18.95,0
110,1.58,18.94,0
111,9.37,42.26,1
112,1.36,14.38,0
113,2.24,9.05,0
114,5.16,23.9,0
115,8.19,42.49,1
116,4.67,26.04,0
117,1.25,14.87,0
118,5.02,22.13,0
119,6.46,31.89,1
120,5.42,31.24,1
121,5.13,28.05,1
122,3.44,11.05,0
123,3.23,13.93,0
124,4.82,25.74,0
125,6.02,34.27,1
126,3.68,9.62,0
127,4.2,18.16,0
128,1.33,14.47,0
129,1.78,21.58,0
130,5.74,38.03,1
131,3.94,22.64,0
132,1.31,8.71,0
133,8.99,35.6,1
134,7.81,42.1,1
135,5.25,26.11,0
136,9.37,43.04,1
137,5.12,31.11,1
138,2.08,19.28,0
139,4.79,24.82,0
140,2.54,22.31,0
141,9.28,38.01,1
142,6.15,44.25,1
143,6.17,38.44,1
144,4.36,17.6,0
145,3.88,9.38,0
146,7.0,36.57,1
147,6.68,42.06,1
148,3.6,15.82,0
149,1.92,12.8,0
150,1.09,10.98,0
151,1.56,13.69,0
152,7.18,38.2,1
153,6.58,33.44,1
154,5.38,30.08,1
155,3.89,10.49,0
156,5.25,22.91,0
157,3.78,12.49,0
158,1.72,22.14,0
159,6.5,40.9,1
160,6.7,35.18,1
161,7.54,43.66,1
162,7.51,41.61,1
163,2.99,18.43,0
164,8.27,41.43,1
165,5.73,31.23,1
166,5.63,31.13,1
167,4.34,16.04,0
168,6.86,44.58,1
169,1.79,18.41,0
170,5.98,39.87,1
171,7.05,37.21,1
172,7.63,37.41,1
173,3.59,16.09,0
174,2.29,16.28,0
175,4.41,26.74,0
176,5.04,26.14,0
177,2.39,16.14,0
178,7.51,42.1,1
179,4.06,11.15,0
180,3.98,12.72,0
181,3.21,16.17,0
182,5.51,29.38,1
183,7.49,41.14,1
184,8.21,41.4,1
185,8.82,37.75,1
186,5.61,30.0,1
187,5.17,28.19,1
188,8.18,44.07,1
189,8.34,37.36,1
190,6.25,35.31,1
191,5.92,39.52,1
192,8.42,36.74,1
193,3.91,19.48,0
194,3.65,21.26,0
195,3.48,18.1,0
196,7.74,43.99,1
197,5.23,22.43,0
198,7.03,42.07,1
199,6.34,40.76,1
200,9.17,33.54,1
201,5.17,30.93,1
202,7.37,35.4,1
203,8.08,39.69,1
204,1.87,18.63,0
205,2.76,8.75,0
206,8.52,38.97,1
207,8.31,43.65,1
208,8.29,40.04,1
209,2.57,12.58,0
210,9.0,37.21,1
211,7.67,36.96,1
212,6.07,44.62,1
213,8.77,38.7,1
214,8.92,43.03,1
215,5.2,30.2,1
216,7.88,39.89,1
217,7.43,44.57,1
218,6.32,31.72,1
219,7.64,37.31,1
220,3.4,8.69,0
221,5.72,27.9,1
222,6.53,35.53,1
223,5.05,25.91,0
224,3.78,19.27,0
225,5.25,25.0,0
226,3.83,18.55,0
227,6.28,32.85,1
228,8.49,38.37,1
229,7.43,40.12,1
230,5.58,30.05,1
231,4.39,22.94,0
232,7.67,43.79,1
233,9.15,32.03,1
234,5.79,39.49,1
235,8.18,33.2,1
236,1.19,16.76,0
237,8.51,37.67,1
238,6.09,38.9,1
239,5.22,27.93,1
240,2.84,19.22,0
241,1.65,14.73,0
242,3.15,13.03,0
243,2.89,18.27,0
244,4.61,25.99,0
245,7.08,35.43,1
246,3.97,20.88,0
247,3.02,22.25,0
248,4.25,13.05,0
249,4.67,26.26,0
250,3.27,22.82,0
251,4.35,9.48,0
252,7.75,32.3,1
253,4.39,15.94,0
254,3.76,12.0,0
255,8.65,43.14,1
256,4.96,23.09,0
257,5.11,24.18,0
258,5.25,26.77,0
259,1.29,15.73,0
260,7.75,38.61,1
261,3.76,21.22,0
262,1.77,12.34,0
263,9.47,43.78,1
264,6.22,37.18,1
265,2.36,8.88,0
266,4.07,16.18,0
267,3.82,17.28,0
268,8.51,37.08,1
269,9.4,38.75,1
270,5.44,27.62,1
271,3.93,11.73,0
272,4.62,23.1,0
273,2.43,21.57,0
274,2.44,15.01,0
275,4.29,12.19,0
276,5.98,43.42,1
277,4.94,24.42,0
278,1.24,19.41,0
279,5.99,40.6,1
280,8.28,37.86,1
281,8.34,42.94,1
282,7.47,36.62,1
283,4.74,26.4,0
284,2.31,16.65,0
285,6.32,34.03,1
286,5.87,41.71,1
287,9.11,40.49,1
288,5.47,27.7,1
289,6.92,40.7,1
290,5.5,29.75,1
291,3.23,14.97,0
292,3.74,18.47,0
293,8.55,39.76,1
294,9.48,32.66,1
295,8.09,36.94,1
296,4.52,26.92,0
297,6.59,34.57,1
298,2.07,12.02,0
299,1.01,21.88,0
300,4.57,25.04,0
301,7.79,43.81,1
302,2.43,12.18,0
303,3.23,8.08,0
304,7.22,44.08,1
305,5.37,31.13,1
306,3.48,12.71,0
307,3.17,8.38,0
308,2.55,20.02,0
309,5.47,28.72,1
310,2.83,18.95,0
311,1.81,13.94,0
312,4.78,22.14,0
313,5.35,23.0,0
314,1.75,16.84,0
315,5.12,22.38,0
316,6.74,36.25,1
317,4.61,23.63,0
318,4.92,27.59,1
319,3.87,19.64,0
320,3.4,8.96,0
321,6.3,31.2,1
322,8.85,37.98,1
323,7.37,40.42,1
324,3.16,13.47,0
325,1.0,12.86,0
326,7.67,37.35,1
327,9.01,37.16,1
328,3.52,16.28,0
329,2.7,10.68,0
330,6.75,41.46,1
331,8.39,38.12,1
332,6.35,32.67,1
333,4.83,23.85,0
334,7.72,44.69,1
335,4.29,16.69,0
336,2.26,10.37,0
337,5.15,30.49,1
338,9.36,31.85,1
339,3.5,18.15,0
340,9.41,38.34,1
341,8.62,31.61,1
342,7.51,33.08,1
343,1.9,21.09,0
344,5.24,28.73,1
345,3.17,11.93,0
346,6.16,37.46,1
347,6.22,38.71,1
348,1.68,12.68,0
349,1.08,10.9,0
350,8.58,39.49,1
351,1.04,18.81,0
352,2.13,21.96,0
353,3.88,17.06,0
354,1.54,22.41,0
355,5.76,37.05,1
356,9.31,42.98,1
357,1.0,12.3,0
358,2.43,16.76,0
359,2.05,14.13,0
360,8.67,34.41,1
361,4.88,27.74,1
362,3.2,17.14,0
363,2.68,11.66,0
364,1.32,9.45,0
365,4.27,11.98,0
366,6.89,40.71,1
367,2.71,20.79,0
368,3.69,14.33,0
369,3.45,15.57,0
370,5.4,29.08,1
371,4.96,30.28,1
372,1.26,12.29,0
373,1.93,17.07,0
374,7.4,32.64,1
375,5.14,29.54,1
376,9.43,37.93,1
377,6.87,44.92,1
378,4.42,22.76,0
379,5.76,41.59,1
380,1.91,17.61,0
381,4.51,26.8,0
382,3.45,12.5,0
383,4.84,22.15,0
384,5.89,39.81,1
385,1.91,22.05,0
386,1.25,11.2,0
387,5.65,31.89,1
388,8.34,34.79,1
389,2.65,11.21,0
390,3.92,9.06,0
391,3.55,19.55,0
392,5.22,26.82,0
393,5.15,26.16,0
394,4.07,17.23,0
395,2.44,12.15,0
396,4.81,28.86,1
397,2.41,11.1,0
398,4.05,19.15,0
399,5.28,23.22,0
400,4.87,31.38,1
401,3.26,12.95,0
402,4.4,20.54,0
403,4.78,22.03,0
404,8.5,40.87,1
405,5.25,28.53,1
406,1.69,18.74,0
407,5.36,23.98,0
408,3.02,17.29,0
409,3.13,12.12,0
410,7.89,44.98,1
411,7.31,40.78,1
412,7.97,34.35,1
413,6.41,34.02,1
414,7.69,41.67,1
415,1.84,17.56,0
416,2.78,22.02,0
417,7.52,32.28,1
418,5.66,42.06,1
419,3.52,18.06,0
420,2.41,17.45,0
421,1.27,11.49,0
422,3.82,16.22,0
423,6.96,35.67,1
424,1.73,9.98,0
425,7.9,43.18,1
426,7.68,34.84,1
427,6.95,39.23,1
428,6.73,32.74,1
429,9.0,31.5,1
430,5.67,30.05,1
431,1.81,18.03,0
432,5.63,27.92,1
433,8.81,44.16,1
434,8.3,35.29,1
435,6.16,32.82,1
436,6.7,32.41,1
437,6.72,42.18,1
438,4.98,29.21,1
439,8.49,44.27,1
440,3.93,16.66,0
441,7.22,32.39,1
442,5.55,31.41,1
443,9.19,44.96,1
444,4.5,25.86,0
445,7.75,36.37,1
446,4.42,24.7,0
447,3.32,16.05,0
448,7.7,35.83,1
449,5.78,42.15,1
450,5.55,28.01,1
451,1.9,11.7,0
452,1.78,11.3,0
453,2.62,16.25,0
454,1.27,10.79,0
455,2.87,8.76,0
456,4.8,22.83,0
457,6.67,42.69,1
458,3.18,14.0,0
459,1.53,12.45,0
460,5.72,27.8,1
461,5.7,43.38,1
462,7.32,39.11,1
463,3.75,8.1,0
464,2.83,18.79,0
465,5.4,23.75,0
466,1.6,22.37,0
467,5.2,28.14,1
468,5.14,27.53,1
469,1.22,13.72,0
470,5.15,22.57,0
471,7.7,44.6,1
472,8.13,43.72,1
473,7.72,36.79,1
474,8.4,41.63,1
475,5.23,28.77,1
476,7.92,35.08,1
477,2.05,8.87,0
478,7.65,37.4,1
479,1.76,20.25,0
480,5.72,31.38,1
481,8.14,41.77,1
482,8.41,34.01,1
483,5.13,26.83,0
484,5.43,27.64,1
485,4.39,15.64,0
486,5.62,30.26,1
487,9.31,44.99,1
488,5.96,34.1,1
489,3.99,22.2,0
490,2.5,11.21,0
491,9.31,31.46,1
492,5.48,29.69,1
493,7.33,43.04,1
494,2.38,17.31,0
495,1.37,14.52,0
496,8.84,34.6,1
497,2.44,11.18,0
498,6.41,33.95,1
499,5.1,23.38,0
500,2.99,21.47,0
501,3.7,11.41,0
502,2.49,15.76,0
503,6.38,36.39,1
504,8.51,35.63,1
505,8.46,32.26,1
506,9.29,36.87,1
507,9.46,35.28,1
508,6.26,32.11,1
509,8.21,43.01,1
510,1.9,22.0,0
511,1.01,19.57,0
512,9.2,38.12,1
513,1.85,21.85,0
514,8.02,39.53,1
515,1.29,15.29,0
516,5.61,37.31,1
517,1.38,14.52,0
518,8.28,43.93,1
519,8.15,33.16,1
520,9.03,43.1,1
521,4.84,25.66,0
522,8.56,33.85,1
523,6.72,44.23,1
524,1.08,19.05,0
525,7.83,39.05,1
526,7.48,34.32,1
527,4.54,24.31,0
528,2.91,11.94,0
529,4.19,9.73,0
530,8.18,31.36,1
531,2.61,19.77,0
532,8.82,32.0,1
533,5.46,29.69,1
534,8.05,43.65,1
535,1.07,21.94,0
536,5.07,28.31,1
537,5.61,43.02,1
538,6.78,36.72,1
539,5.81,33.09,1
540,2.37,12.43,0
541,8.17,42.74,1
542,2.36,11.29,0
543,9.36,32.97,1
544,9.42,34.41,1
545,5.38,28.46,1
546,2.37,13.09,0
547,4.81,30.86,1
548,4.86,25.05,0
549,9.45,40.21,1
550,2.01,17.58,0
551,4.11,14.88,0
552,8.12,35.33,1
553,6.92,32.61,1
554,4.84,27.58,1
555,4.38,17.75,0
556,6.28,31.73,1
557,5.96,44.47,1
558,4.1,21.06,0
559,4.91,23.71,0
560,6.58,32.69,1
561,6.67,38.92,1
562,8.22,39.18,1
563,3.6,9.93,0
564,9.47,35.13,1
565,3.71,20.91,0
566,9.0,39.04,1
567,7.8,35.25,1
568,8.24,41.09,1
569,8.42,44.72,1
570,8.18,39.98,1
571,3.06,15.67,0
572,1.41,11.37,0
573,1.85,9.54,0
574,4.3,10.68,0
575,3.71,10.55,0
576,5.05,25.77,0
577,1.26,21.25,0
578,1.9,19.76,0
579,4.75,25.77,0
580,3.84,16.74,0
581,6.86,34.51,1
582,7.53,32.13,1
583,2.46,16.7,0
584,5.06,28.98,1
585,5.23,30.49,1
586,3.02,18.13,0
587,8.63,38.19,1
588,2.15,16.82,0
589,2.12,20.97,0
590,6.28,32.05,1
591,2.61,11.89,0
592,8.67,39.75,1
593,6.36,34.18,1
594,7.38,35.5,1
595,1.24,17.47,0
596,7.96,32.39,1
597,8.76,36.41,1
598,6.58,42.83,1
599,4.87,22.64,0
600,2.89,18.78,0
